ep_azon;nev;tipus;epites_eve;hasznos _terulet_m2
101;Napfény Lakópark;Lakóház;2005;1200
102;Duna Apartmanház;Lakóház;2010;1800
103;Collect Residence;Lakóház;2015;2000
104;Álomváros Gimnázium;Iskola;2000;2500
105;Iskolai sportcsarnok;Sportlétesítmény;1998;2000
106;Központi Kórház;Korház;1985;6000
107;Buszpályaudvar;Közlekedés;1995;3000
108;Csillag ABC;Üzlet;1991;400
109;Amped Music Kft.;Vállalat;2018;3000
201;Aranytányér Étterem;Étterem;2016;900
202;Domonkos György Egyetem;Iskola;2012;3000
